Date,New Cases,Deaths,Recoveries
2020-01-01,120,18,330
2020-01-02,595,7,622
2020-01-03,801,3,603
2020-01-04,475,46,311
2020-01-05,588,15,617
2020-01-06,715,30,64
2020-01-07,827,3,176
2020-01-08,342,37,506
2020-01-09,713,42,255
2020-01-10,356,5,390
2020-01-11,229,46,464
2020-01-12,330,16,455
2020-01-13,278,3,590
2020-01-14,822,36,126
2020-01-15,231,21,754
2020-01-16,931,6,389
2020-01-17,370,25,717
2020-01-18,203,9,758
2020-01-19,821,15,314
2020-01-20,628,30,243
2020-01-21,963,43,517
2020-01-22,546,33,552
2020-01-23,461,31,671
2020-01-24,917,32,624
2020-01-25,764,34,94
2020-01-26,682,29,341
2020-01-27,995,2,177
2020-01-28,853,15,595
2020-01-29,460,10,515
2020-01-30,850,34,229
2020-01-31,809,22,400
2020-02-01,698,29,232
2020-02-02,535,15,251
2020-02-03,648,18,371
2020-02-04,128,20,588
2020-02-05,909,25,152
2020-02-06,697,3,421
2020-02-07,745,41,408
2020-02-08,477,21,124
2020-02-09,789,25,491
2020-02-10,821,41,619
2020-02-11,299,48,53
2020-02-12,412,7,388
2020-02-13,823,21,722
2020-02-14,139,26,324
2020-02-15,905,29,759
2020-02-16,200,10,149
2020-02-17,851,21,765
2020-02-18,736,40,568
2020-02-19,975,1,727
2020-02-20,364,46,548
2020-02-21,162,32,200
2020-02-22,784,36,782
2020-02-23,799,18,274
2020-02-24,253,6,479
2020-02-25,983,16,162
2020-02-26,549,15,623
2020-02-27,629,10,144
2020-02-28,467,32,438
2020-02-29,484,29,508
2020-03-01,685,46,381
2020-03-02,198,49,590
2020-03-03,932,22,67
2020-03-04,555,25,485
2020-03-05,247,24,647
2020-03-06,263,25,63
2020-03-07,554,45,102
2020-03-08,495,19,313
2020-03-09,668,25,211
2020-03-10,932,40,547
2020-03-11,490,47,515
2020-03-12,516,19,745
2020-03-13,358,14,69
2020-03-14,908,18,512
2020-03-15,410,1,688
2020-03-16,821,8,512
2020-03-17,234,28,733
2020-03-18,150,8,197
2020-03-19,695,7,310
2020-03-20,664,11,292
2020-03-21,537,37,724
2020-03-22,112,1,706
2020-03-23,492,16,547
2020-03-24,833,31,384
2020-03-25,216,4,274
2020-03-26,265,1,270
2020-03-27,109,14,315
2020-03-28,158,15,669
2020-03-29,945,16,502
2020-03-30,645,39,303
2020-03-31,644,42,408
2020-04-01,560,36,203
2020-04-02,698,1,743
2020-04-03,774,12,439
2020-04-04,138,35,148
2020-04-05,429,23,579
2020-04-06,306,20,369
2020-04-07,293,3,286
2020-04-08,951,35,728
2020-04-09,822,46,420
2020-04-10,230,32,745
2020-04-11,914,2,244
2020-04-12,459,38,442
2020-04-13,825,12,196
2020-04-14,869,17,225
2020-04-15,455,19,271
2020-04-16,954,19,433
2020-04-17,661,43,657
2020-04-18,277,4,675
2020-04-19,484,6,365
2020-04-20,805,37,180
2020-04-21,813,42,245
2020-04-22,247,6,630
2020-04-23,310,4,163
2020-04-24,166,38,472
2020-04-25,867,30,759
2020-04-26,244,38,337
2020-04-27,324,42,505
2020-04-28,826,9,254
2020-04-29,802,37,431
2020-04-30,721,12,212
2020-05-01,905,3,385
2020-05-02,664,49,389
2020-05-03,752,9,345
2020-05-04,453,5,240
2020-05-05,899,12,60
2020-05-06,670,31,282
2020-05-07,188,42,747
2020-05-08,443,17,231
2020-05-09,731,13,411
2020-05-10,109,17,404
2020-05-11,444,10,509
2020-05-12,861,27,253
2020-05-13,530,28,226
2020-05-14,733,39,321
2020-05-15,959,41,181
2020-05-16,755,12,99
2020-05-17,160,37,699
2020-05-18,737,6,720
2020-05-19,406,20,413
2020-05-20,816,18,289
2020-05-21,673,43,569
2020-05-22,406,41,69
2020-05-23,884,48,142
2020-05-24,777,48,332
2020-05-25,148,37,610
2020-05-26,278,24,790
2020-05-27,532,44,438
2020-05-28,886,31,94
2020-05-29,987,38,217
2020-05-30,431,25,260
2020-05-31,349,13,297
2020-06-01,836,48,688
2020-06-02,666,47,248
2020-06-03,856,34,796
2020-06-04,983,27,714
2020-06-05,337,49,723
2020-06-06,265,28,772
2020-06-07,392,48,334
2020-06-08,250,45,232
2020-06-09,765,13,756
2020-06-10,468,24,75
2020-06-11,105,49,348
2020-06-12,971,15,646
2020-06-13,705,34,765
2020-06-14,455,4,314
2020-06-15,359,1,208
2020-06-16,684,6,71
2020-06-17,892,22,367
2020-06-18,832,49,329
2020-06-19,244,32,531
2020-06-20,241,32,148
2020-06-21,906,17,397
2020-06-22,811,21,76
2020-06-23,351,21,61
2020-06-24,484,20,771
2020-06-25,646,31,71
2020-06-26,660,22,598
2020-06-27,522,35,528
2020-06-28,103,9,315
2020-06-29,954,19,335
2020-06-30,342,33,228
2020-07-01,816,28,252
2020-07-02,565,26,529
2020-07-03,387,49,327
2020-07-04,420,28,439
2020-07-05,706,26,724
2020-07-06,362,31,445
2020-07-07,372,9,503
2020-07-08,698,48,312
2020-07-09,435,31,94
2020-07-10,555,7,587
2020-07-11,654,42,346
2020-07-12,327,34,385
2020-07-13,542,44,656
2020-07-14,648,1,93
2020-07-15,452,3,451
2020-07-16,226,45,761
2020-07-17,109,35,134
2020-07-18,248,20,85
2020-07-19,832,9,439
2020-07-20,201,39,508
2020-07-21,567,30,122
2020-07-22,426,33,411
2020-07-23,612,33,545
2020-07-24,272,18,237
2020-07-25,142,35,451
2020-07-26,107,36,416
2020-07-27,748,46,52
2020-07-28,647,5,158
2020-07-29,463,25,274
2020-07-30,441,33,183
2020-07-31,214,17,430
2020-08-01,245,49,734
2020-08-02,503,33,443
2020-08-03,824,32,778
2020-08-04,379,48,90
2020-08-05,280,6,412
2020-08-06,752,43,776
2020-08-07,131,38,589
2020-08-08,654,48,232
2020-08-09,502,32,157
2020-08-10,626,48,424
2020-08-11,328,42,547
2020-08-12,883,24,77
2020-08-13,168,2,309
2020-08-14,564,14,186
2020-08-15,514,24,728
2020-08-16,732,31,520
2020-08-17,233,23,418
2020-08-18,211,7,258
2020-08-19,232,42,356
2020-08-20,793,37,308
2020-08-21,818,46,342
2020-08-22,480,22,738
2020-08-23,229,32,799
2020-08-24,818,36,772
2020-08-25,547,4,356
2020-08-26,750,16,629
2020-08-27,789,23,229
2020-08-28,341,10,143
2020-08-29,467,40,130
2020-08-30,596,30,240
2020-08-31,684,20,531
2020-09-01,130,31,597
2020-09-02,681,22,171
2020-09-03,592,19,411
2020-09-04,129,14,86
2020-09-05,707,37,553
2020-09-06,620,31,372
2020-09-07,844,47,634
2020-09-08,595,28,257
2020-09-09,999,33,518
2020-09-10,833,32,399
2020-09-11,842,1,723
2020-09-12,107,42,685
2020-09-13,143,3,714
2020-09-14,229,22,699
2020-09-15,482,22,789
2020-09-16,352,7,339
2020-09-17,217,12,430
2020-09-18,474,14,162
2020-09-19,822,39,787
2020-09-20,143,11,258
2020-09-21,101,11,213
2020-09-22,596,38,363
2020-09-23,903,41,128
2020-09-24,212,1,555
2020-09-25,246,15,466
2020-09-26,809,38,84
2020-09-27,298,1,268
2020-09-28,620,8,536
2020-09-29,325,21,215
2020-09-30,764,10,80
2020-10-01,813,30,264
2020-10-02,562,33,63
2020-10-03,397,21,234
2020-10-04,306,29,794
2020-10-05,207,29,434
2020-10-06,347,40,537
2020-10-07,726,15,312
2020-10-08,401,47,578
2020-10-09,719,13,711
2020-10-10,151,3,737
2020-10-11,786,3,718
2020-10-12,885,13,546
2020-10-13,229,47,642
2020-10-14,660,12,467
2020-10-15,421,17,779
2020-10-16,730,22,732
2020-10-17,821,20,219
2020-10-18,761,32,681
2020-10-19,348,1,360
2020-10-20,928,1,349
2020-10-21,697,47,208
2020-10-22,267,28,517
2020-10-23,542,6,119
2020-10-24,415,33,146
2020-10-25,130,16,591
2020-10-26,358,10,138
2020-10-27,436,42,756
2020-10-28,779,35,602
2020-10-29,770,40,113
2020-10-30,335,49,77
2020-10-31,629,28,569
2020-11-01,310,27,406
2020-11-02,400,39,634
2020-11-03,881,4,384
2020-11-04,592,43,334
2020-11-05,939,19,224
2020-11-06,646,18,729
2020-11-07,381,14,558
2020-11-08,400,49,304
2020-11-09,843,27,289
2020-11-10,469,40,786
2020-11-11,125,17,181
2020-11-12,487,31,746
2020-11-13,757,1,181
2020-11-14,155,45,90
2020-11-15,595,43,156
2020-11-16,989,37,234
2020-11-17,324,47,624
2020-11-18,220,5,224
2020-11-19,734,18,664
2020-11-20,335,5,765
2020-11-21,459,38,535
2020-11-22,692,11,662
2020-11-23,957,29,556
2020-11-24,132,3,191
2020-11-25,411,35,572
2020-11-26,970,38,307
2020-11-27,540,42,549
2020-11-28,658,43,97
2020-11-29,691,49,560
2020-11-30,106,2,173
2020-12-01,869,16,416
2020-12-02,761,18,411
2020-12-03,118,23,331
2020-12-04,714,20,451
2020-12-05,385,12,457
2020-12-06,255,28,799
2020-12-07,980,24,237
2020-12-08,746,4,170
2020-12-09,136,12,257
2020-12-10,216,48,799
2020-12-11,185,37,515
2020-12-12,307,16,466
2020-12-13,535,8,396
2020-12-14,540,6,413
2020-12-15,472,44,225
2020-12-16,888,23,108
2020-12-17,450,20,779
2020-12-18,637,21,510
2020-12-19,576,41,582
2020-12-20,721,20,304
2020-12-21,359,15,72
2020-12-22,385,6,382
2020-12-23,813,32,513
2020-12-24,997,15,83
2020-12-25,211,15,80
2020-12-26,897,47,262
2020-12-27,282,25,491
2020-12-28,543,8,659
2020-12-29,335,40,55
2020-12-30,312,23,289
2020-12-31,650,37,608
2021-01-01,666,9,507
2021-01-02,846,48,52
2021-01-03,965,23,652
2021-01-04,253,38,69
2021-01-05,288,40,323
2021-01-06,726,11,723
2021-01-07,823,14,150
2021-01-08,977,14,167
2021-01-09,578,33,323
2021-01-10,563,17,473
2021-01-11,540,6,495
2021-01-12,290,33,642
2021-01-13,650,21,184
2021-01-14,269,32,342
2021-01-15,118,24,237
2021-01-16,688,30,128
2021-01-17,302,17,437
2021-01-18,308,11,682
2021-01-19,834,38,349
2021-01-20,322,18,765
2021-01-21,337,31,557
2021-01-22,702,7,131
2021-01-23,322,34,526
2021-01-24,655,41,510
2021-01-25,529,2,509
2021-01-26,697,28,742
2021-01-27,614,32,182
2021-01-28,819,22,101
2021-01-29,302,47,559
2021-01-30,918,23,507
2021-01-31,167,14,398
2021-02-01,613,2,230
2021-02-02,514,40,86
2021-02-03,315,15,69
2021-02-04,401,9,392
2021-02-05,684,19,320
2021-02-06,661,13,741
2021-02-07,195,25,758
2021-02-08,824,34,720
2021-02-09,461,20,512
2021-02-10,452,44,102
2021-02-11,448,42,796
2021-02-12,866,31,312
2021-02-13,754,18,650
2021-02-14,319,21,778
2021-02-15,412,11,105
2021-02-16,541,47,457
2021-02-17,875,9,402
2021-02-18,363,39,227
2021-02-19,182,8,424
2021-02-20,605,23,474
2021-02-21,293,22,269
2021-02-22,691,2,441
2021-02-23,726,32,713
2021-02-24,750,36,609
2021-02-25,697,3,409
2021-02-26,892,46,88
2021-02-27,504,40,391
2021-02-28,873,7,734
2021-03-01,312,44,325
2021-03-02,910,35,707
2021-03-03,435,9,701
2021-03-04,308,46,338
2021-03-05,991,36,721
2021-03-06,258,40,630
2021-03-07,302,43,472
2021-03-08,536,24,153
2021-03-09,482,8,272
2021-03-10,946,46,69
2021-03-11,798,10,605
2021-03-12,532,38,269
2021-03-13,283,45,227
2021-03-14,380,35,440
2021-03-15,776,42,407
2021-03-16,163,36,293
2021-03-17,515,18,748
2021-03-18,531,27,492
2021-03-19,899,23,537
2021-03-20,739,49,443
2021-03-21,403,22,85
2021-03-22,863,32,792
2021-03-23,274,15,125
2021-03-24,298,24,153
2021-03-25,354,36,83
2021-03-26,355,25,369
2021-03-27,829,10,714
2021-03-28,895,41,412
2021-03-29,296,45,465
2021-03-30,877,27,563
2021-03-31,675,9,84
2021-04-01,751,19,693
2021-04-02,429,35,607
2021-04-03,690,47,708
2021-04-04,724,30,777
2021-04-05,458,41,471
2021-04-06,318,29,625
2021-04-07,340,28,451
2021-04-08,532,5,766
2021-04-09,542,3,102
2021-04-10,605,25,797
2021-04-11,441,10,519
2021-04-12,933,10,559
2021-04-13,877,21,285
2021-04-14,972,39,780
2021-04-15,372,32,386
2021-04-16,412,6,782
2021-04-17,741,14,497
2021-04-18,656,29,574
2021-04-19,309,27,288
2021-04-20,512,4,346
2021-04-21,877,21,534
2021-04-22,693,16,603
2021-04-23,960,17,207
2021-04-24,239,37,771
2021-04-25,800,9,65
2021-04-26,540,8,487
2021-04-27,822,11,287
2021-04-28,122,17,452
2021-04-29,217,19,705
2021-04-30,133,34,583
2021-05-01,310,4,364
2021-05-02,460,47,123
2021-05-03,495,8,204
2021-05-04,159,39,126
2021-05-05,657,43,524
2021-05-06,293,39,261
2021-05-07,126,31,577
2021-05-08,248,49,272
2021-05-09,221,45,552
2021-05-10,379,41,606
2021-05-11,256,43,582
2021-05-12,146,10,141
2021-05-13,800,13,695
2021-05-14,617,11,729
2021-05-15,867,17,372
2021-05-16,819,16,155
2021-05-17,459,12,282
2021-05-18,752,35,250
2021-05-19,859,39,191
2021-05-20,316,12,405
2021-05-21,655,25,665
2021-05-22,292,41,519
2021-05-23,735,6,551
2021-05-24,103,16,533
2021-05-25,333,1,570
2021-05-26,923,31,357
2021-05-27,649,41,231
2021-05-28,115,47,514
2021-05-29,700,33,695
2021-05-30,122,38,372
2021-05-31,459,26,396
2021-06-01,176,43,200
2021-06-02,824,5,675
2021-06-03,618,48,732
2021-06-04,745,11,372
2021-06-05,631,15,115
2021-06-06,497,29,182
2021-06-07,501,43,783
2021-06-08,493,14,532
2021-06-09,190,35,522
2021-06-10,410,20,402
2021-06-11,895,1,65
2021-06-12,643,23,204
2021-06-13,292,9,281
2021-06-14,370,29,83
2021-06-15,973,31,210
2021-06-16,266,25,428
2021-06-17,664,31,463
2021-06-18,515,30,242
2021-06-19,501,23,769
2021-06-20,768,31,186
2021-06-21,940,6,60
2021-06-22,375,4,597
2021-06-23,380,18,795
2021-06-24,102,12,218
2021-06-25,184,10,752
2021-06-26,665,8,226
2021-06-27,226,21,556
2021-06-28,449,21,231
2021-06-29,165,33,718
2021-06-30,353,8,468
2021-07-01,223,34,736
2021-07-02,128,6,679
2021-07-03,651,49,90
2021-07-04,150,15,204
2021-07-05,150,37,491
2021-07-06,795,9,366
2021-07-07,308,23,618
2021-07-08,397,47,175
2021-07-09,770,17,501
2021-07-10,792,34,105
2021-07-11,877,12,424
2021-07-12,186,10,578
2021-07-13,944,26,722
2021-07-14,652,4,228
2021-07-15,548,15,176
2021-07-16,209,14,531
2021-07-17,656,16,596
2021-07-18,612,32,776
2021-07-19,903,5,507
2021-07-20,964,20,794
2021-07-21,925,12,756
2021-07-22,548,1,449
2021-07-23,657,28,554
2021-07-24,946,14,122
2021-07-25,153,10,734
2021-07-26,637,19,201
2021-07-27,393,41,642
2021-07-28,701,11,306
2021-07-29,325,15,402
2021-07-30,475,34,604
2021-07-31,745,47,165
2021-08-01,532,44,170
2021-08-02,266,4,144
2021-08-03,172,45,271
2021-08-04,817,43,343
2021-08-05,937,17,424
2021-08-06,827,11,797
2021-08-07,304,15,495
2021-08-08,630,20,419
2021-08-09,770,46,361
2021-08-10,144,13,190
2021-08-11,264,12,654
2021-08-12,597,38,456
2021-08-13,772,15,557
2021-08-14,850,14,786
2021-08-15,168,20,261
2021-08-16,410,27,759
2021-08-17,158,39,347
2021-08-18,364,37,628
2021-08-19,125,27,504
2021-08-20,591,46,197
2021-08-21,960,1,520
2021-08-22,624,7,531
2021-08-23,678,31,651
2021-08-24,574,14,287
2021-08-25,727,29,599
2021-08-26,791,29,142
2021-08-27,179,22,752
2021-08-28,495,14,169
2021-08-29,429,34,592
2021-08-30,822,1,61
2021-08-31,830,24,213
2021-09-01,281,45,199
2021-09-02,806,5,573
2021-09-03,119,7,174
2021-09-04,981,34,678
2021-09-05,389,39,441
2021-09-06,568,10,686
2021-09-07,487,46,78
2021-09-08,594,5,260
2021-09-09,623,32,631
2021-09-10,887,9,672
2021-09-11,398,35,705
2021-09-12,722,17,131
2021-09-13,208,31,411
2021-09-14,976,35,718
2021-09-15,118,8,191
2021-09-16,847,42,126
2021-09-17,594,8,713
2021-09-18,603,30,694
2021-09-19,140,26,87
2021-09-20,835,30,604
2021-09-21,756,12,182
2021-09-22,854,2,643
2021-09-23,835,33,430
2021-09-24,562,45,375
2021-09-25,326,16,647
2021-09-26,661,7,754
2021-09-27,782,38,472
2021-09-28,913,41,217
2021-09-29,255,46,260
2021-09-30,326,41,499
2021-10-01,811,28,510
2021-10-02,113,22,711
2021-10-03,433,37,317
2021-10-04,527,9,143
2021-10-05,783,31,379
2021-10-06,918,19,549
2021-10-07,634,45,279
2021-10-08,135,35,241
2021-10-09,326,43,614
2021-10-10,768,21,431
2021-10-11,271,24,398
2021-10-12,410,45,678
2021-10-13,439,42,138
2021-10-14,277,39,534
2021-10-15,756,13,348
2021-10-16,866,35,543
2021-10-17,188,42,55
2021-10-18,785,3,198
2021-10-19,308,5,554
2021-10-20,905,28,740
2021-10-21,105,44,435
2021-10-22,373,12,204
2021-10-23,571,42,196
2021-10-24,867,37,666
2021-10-25,957,8,50
2021-10-26,977,9,167
2021-10-27,577,20,625
2021-10-28,255,21,441
2021-10-29,495,35,326
2021-10-30,263,17,303
2021-10-31,482,47,474
2021-11-01,344,21,569
2021-11-02,936,16,340
2021-11-03,651,42,137
2021-11-04,338,22,310
2021-11-05,933,49,196
2021-11-06,628,27,757
2021-11-07,868,14,465
2021-11-08,716,47,316
2021-11-09,707,10,120
2021-11-10,880,16,414
2021-11-11,186,22,177
2021-11-12,610,30,461
2021-11-13,166,35,586
2021-11-14,544,39,747
2021-11-15,699,5,593
2021-11-16,434,39,675
2021-11-17,141,35,520
2021-11-18,757,15,428
2021-11-19,432,33,324
2021-11-20,674,3,664
2021-11-21,469,17,454
2021-11-22,809,25,679
2021-11-23,372,28,259
2021-11-24,123,37,753
2021-11-25,711,46,752
2021-11-26,255,49,494
2021-11-27,427,3,546
2021-11-28,684,46,789
2021-11-29,243,5,239
2021-11-30,538,29,715
2021-12-01,623,2,140
2021-12-02,101,24,362
2021-12-03,418,6,158
2021-12-04,173,25,558
2021-12-05,225,6,763
2021-12-06,452,1,295
2021-12-07,109,30,710
2021-12-08,479,38,84
2021-12-09,694,37,701
2021-12-10,254,13,275
2021-12-11,110,1,650
2021-12-12,536,18,171
2021-12-13,384,43,763
2021-12-14,719,16,708
2021-12-15,149,48,134
2021-12-16,619,41,214
2021-12-17,136,30,84
2021-12-18,779,30,665
2021-12-19,430,36,62
2021-12-20,409,33,515
2021-12-21,162,14,130
2021-12-22,267,2,128
2021-12-23,768,14,263
2021-12-24,865,17,304
2021-12-25,480,26,450
2021-12-26,429,34,200
2021-12-27,574,27,172
2021-12-28,910,26,502
2021-12-29,408,28,570
2021-12-30,460,48,302
2021-12-31,181,40,710
2022-01-01,261,4,176
2022-01-02,270,1,453
2022-01-03,697,27,492
2022-01-04,930,48,391
2022-01-05,176,12,770
2022-01-06,945,16,381
2022-01-07,612,46,523
2022-01-08,671,45,237
2022-01-09,671,46,464
2022-01-10,231,32,52
2022-01-11,959,14,665
2022-01-12,619,24,495
2022-01-13,735,2,242
2022-01-14,429,18,328
2022-01-15,148,35,796
2022-01-16,287,22,337
2022-01-17,294,48,743
2022-01-18,461,14,297
2022-01-19,161,8,588
2022-01-20,105,23,463
2022-01-21,654,11,622
2022-01-22,934,8,146
2022-01-23,714,18,317
2022-01-24,155,10,692
2022-01-25,111,34,720
2022-01-26,194,21,485
2022-01-27,962,41,619
2022-01-28,369,7,90
2022-01-29,986,5,504
2022-01-30,899,2,181
2022-01-31,915,42,288
2022-02-01,440,8,489
2022-02-02,418,7,67
2022-02-03,940,47,371
2022-02-04,245,45,291
2022-02-05,780,11,523
2022-02-06,586,38,281
2022-02-07,543,26,213
2022-02-08,481,1,475
2022-02-09,868,25,790
2022-02-10,919,15,335
2022-02-11,373,4,106
2022-02-12,211,35,568
2022-02-13,689,36,548
2022-02-14,128,8,502
2022-02-15,284,31,334
2022-02-16,441,20,527
2022-02-17,619,28,477
2022-02-18,756,30,747
2022-02-19,396,20,119
2022-02-20,671,21,396
2022-02-21,710,38,489
2022-02-22,861,1,629
2022-02-23,465,28,687
2022-02-24,401,48,645
2022-02-25,169,13,103
2022-02-26,440,44,734
2022-02-27,606,5,702
2022-02-28,659,12,216
2022-03-01,354,36,302
2022-03-02,794,19,358
2022-03-03,835,14,644
2022-03-04,541,39,630
2022-03-05,418,47,699
2022-03-06,411,44,402
2022-03-07,243,47,667
2022-03-08,973,33,783
2022-03-09,242,20,649
2022-03-10,363,18,290
2022-03-11,700,3,355
2022-03-12,448,9,359
2022-03-13,977,27,107
2022-03-14,962,20,343
2022-03-15,984,39,385
2022-03-16,276,8,238
2022-03-17,780,43,570
2022-03-18,343,4,635
2022-03-19,563,18,311
2022-03-20,216,14,507
2022-03-21,812,4,529
2022-03-22,918,44,531
2022-03-23,238,17,149
2022-03-24,991,22,567
2022-03-25,132,20,51
2022-03-26,383,39,717
2022-03-27,352,33,212
2022-03-28,627,46,318
2022-03-29,307,3,620
2022-03-30,593,46,667
2022-03-31,735,24,497
2022-04-01,456,49,695
2022-04-02,549,4,582
2022-04-03,884,23,457
2022-04-04,147,13,470
2022-04-05,942,15,173
2022-04-06,377,3,427
2022-04-07,995,41,169
2022-04-08,250,18,190
2022-04-09,781,47,178
2022-04-10,526,26,229
2022-04-11,215,26,493
2022-04-12,312,5,77
2022-04-13,587,15,451
2022-04-14,403,41,282
2022-04-15,994,26,592
2022-04-16,673,49,756
2022-04-17,999,27,378
2022-04-18,567,20,381
2022-04-19,921,45,740
2022-04-20,495,42,203
2022-04-21,633,12,216
2022-04-22,324,33,355
2022-04-23,818,30,378
2022-04-24,950,30,614
2022-04-25,813,1,148
2022-04-26,723,10,605
2022-04-27,941,46,735
2022-04-28,311,27,179
2022-04-29,644,29,419
2022-04-30,452,1,145
2022-05-01,162,14,503
2022-05-02,401,12,342
2022-05-03,143,10,468
2022-05-04,859,43,355
2022-05-05,884,28,139
2022-05-06,242,35,151
2022-05-07,941,11,280
2022-05-08,884,30,777
2022-05-09,339,38,575
2022-05-10,200,45,232
2022-05-11,911,20,774
2022-05-12,763,24,715
2022-05-13,649,32,765
2022-05-14,288,39,749
2022-05-15,725,37,262
2022-05-16,698,23,768
2022-05-17,597,22,509
2022-05-18,275,37,468
2022-05-19,433,2,272
2022-05-20,837,44,485
2022-05-21,741,17,90
2022-05-22,912,12,317
2022-05-23,394,37,446
2022-05-24,257,11,194
2022-05-25,347,15,51
2022-05-26,289,40,430
2022-05-27,147,27,104
2022-05-28,610,25,679
2022-05-29,984,49,362
2022-05-30,914,34,157
2022-05-31,125,28,434
2022-06-01,564,39,335
2022-06-02,605,30,456
2022-06-03,540,47,751
2022-06-04,413,4,250
2022-06-05,165,14,300
2022-06-06,410,6,217
2022-06-07,603,21,429
2022-06-08,664,42,252
2022-06-09,171,26,700
2022-06-10,399,45,762
2022-06-11,918,49,750
2022-06-12,362,18,444
2022-06-13,899,41,271
2022-06-14,237,12,478
2022-06-15,277,48,575
2022-06-16,147,20,419
2022-06-17,274,23,147
2022-06-18,686,38,631
2022-06-19,138,31,643
2022-06-20,886,42,603
2022-06-21,625,27,298
2022-06-22,340,19,270
2022-06-23,909,25,262
2022-06-24,232,41,237
2022-06-25,600,24,661
2022-06-26,322,31,591
2022-06-27,162,14,729
2022-06-28,385,48,584
2022-06-29,505,34,136
2022-06-30,715,35,69
2022-07-01,943,13,444
2022-07-02,245,22,530
2022-07-03,146,5,573
2022-07-04,460,17,453
2022-07-05,690,41,658
2022-07-06,732,31,293
2022-07-07,868,18,272
2022-07-08,784,20,702
2022-07-09,996,38,187
2022-07-10,727,20,651
2022-07-11,525,48,247
2022-07-12,354,46,412
2022-07-13,545,4,145
2022-07-14,129,28,172
2022-07-15,840,11,243
2022-07-16,234,8,612
2022-07-17,700,30,627
2022-07-18,956,19,96
2022-07-19,926,17,658
2022-07-20,863,48,616
2022-07-21,896,8,755
2022-07-22,258,4,459
2022-07-23,158,39,313
2022-07-24,759,47,212
2022-07-25,658,22,572
2022-07-26,866,36,170
2022-07-27,310,30,359
2022-07-28,833,2,720
2022-07-29,948,9,427
2022-07-30,213,16,596
2022-07-31,841,47,644
2022-08-01,266,39,102
2022-08-02,669,44,183
2022-08-03,306,9,542
2022-08-04,404,34,767
2022-08-05,809,2,160
2022-08-06,924,1,307
2022-08-07,813,32,748
2022-08-08,505,1,289
2022-08-09,503,31,111
2022-08-10,662,45,673
2022-08-11,286,29,219
2022-08-12,410,17,636
2022-08-13,420,16,542
2022-08-14,174,38,276
2022-08-15,153,22,628
2022-08-16,985,38,397
2022-08-17,815,18,162
2022-08-18,184,14,597
2022-08-19,158,31,404
2022-08-20,244,10,495
2022-08-21,922,29,730
2022-08-22,912,18,257
2022-08-23,836,23,341
2022-08-24,420,6,464
2022-08-25,582,29,565
2022-08-26,180,49,497
2022-08-27,301,33,62
2022-08-28,584,45,313
2022-08-29,585,46,640
2022-08-30,193,47,779
2022-08-31,268,11,724
2022-09-01,534,47,341
2022-09-02,106,42,611
2022-09-03,592,39,67
2022-09-04,289,21,682
2022-09-05,803,33,120
2022-09-06,140,26,473
2022-09-07,911,13,317
2022-09-08,145,16,358
2022-09-09,585,34,427
2022-09-10,239,16,72
2022-09-11,744,24,337
2022-09-12,215,29,425
2022-09-13,572,44,491
2022-09-14,882,20,358
2022-09-15,901,23,626
2022-09-16,821,14,768
2022-09-17,281,43,798
2022-09-18,858,46,684
2022-09-19,219,35,235
2022-09-20,581,3,532
2022-09-21,977,13,192
2022-09-22,913,21,626
2022-09-23,227,49,281
2022-09-24,367,32,292
2022-09-25,640,27,94
2022-09-26,848,5,778
2022-09-27,454,24,596
2022-09-28,613,34,527
2022-09-29,167,14,71
2022-09-30,490,25,66
2022-10-01,780,47,315
2022-10-02,419,31,750
2022-10-03,266,35,53
2022-10-04,846,25,611
2022-10-05,150,24,254
2022-10-06,609,39,130
2022-10-07,179,41,410
2022-10-08,689,36,216
2022-10-09,207,23,158
2022-10-10,163,29,678
2022-10-11,507,27,65
2022-10-12,214,20,93
2022-10-13,310,20,724
2022-10-14,180,18,753
2022-10-15,873,21,242
2022-10-16,579,21,463
2022-10-17,105,2,548
2022-10-18,746,9,474
2022-10-19,945,36,708
2022-10-20,199,25,398
2022-10-21,131,35,748
2022-10-22,476,44,529
2022-10-23,500,18,264
2022-10-24,371,47,358
2022-10-25,412,14,450
2022-10-26,603,49,126
2022-10-27,131,44,218
2022-10-28,290,29,98
2022-10-29,108,39,632
2022-10-30,666,47,536
2022-10-31,405,40,562
2022-11-01,841,32,237
2022-11-02,454,39,432
2022-11-03,342,42,477
2022-11-04,897,19,69
2022-11-05,289,30,400
2022-11-06,960,46,303
2022-11-07,541,26,237
2022-11-08,311,14,693
2022-11-09,692,1,423
2022-11-10,598,41,486
2022-11-11,613,47,658
2022-11-12,822,23,183
2022-11-13,327,5,667
2022-11-14,550,17,581
2022-11-15,209,35,599
2022-11-16,995,25,594
2022-11-17,506,14,348
2022-11-18,989,15,509
2022-11-19,375,41,251
2022-11-20,686,33,321
2022-11-21,594,30,572
2022-11-22,228,10,545
2022-11-23,922,1,708
2022-11-24,778,20,646
2022-11-25,583,23,619
2022-11-26,932,39,706
2022-11-27,170,37,655
2022-11-28,110,27,518
2022-11-29,414,40,273
2022-11-30,298,43,207
2022-12-01,187,13,451
2022-12-02,913,28,166
2022-12-03,463,3,798
2022-12-04,468,15,664
2022-12-05,214,36,203
2022-12-06,662,42,694
2022-12-07,194,29,108
2022-12-08,955,24,788
2022-12-09,331,46,477
2022-12-10,192,17,477
2022-12-11,775,48,610
2022-12-12,746,34,635
2022-12-13,262,8,197
2022-12-14,973,26,70
2022-12-15,345,1,549
2022-12-16,112,40,550
2022-12-17,603,16,210
2022-12-18,133,14,628
2022-12-19,596,5,111
2022-12-20,120,43,195
2022-12-21,210,41,158
2022-12-22,214,20,730
2022-12-23,230,24,168
2022-12-24,975,24,634
2022-12-25,394,15,165
2022-12-26,380,48,273
2022-12-27,232,40,747
2022-12-28,157,22,381
2022-12-29,510,27,508
2022-12-30,548,46,425
2022-12-31,213,18,540
2023-01-01,374,17,597
2023-01-02,431,9,562
2023-01-03,931,4,209
2023-01-04,899,37,216
2023-01-05,543,31,354
2023-01-06,199,35,334
2023-01-07,589,11,760
2023-01-08,658,36,662
2023-01-09,181,22,493
2023-01-10,105,29,162
2023-01-11,143,1,315
2023-01-12,522,48,87
2023-01-13,596,1,678
2023-01-14,401,12,326
2023-01-15,365,42,128
2023-01-16,886,42,362
2023-01-17,778,1,161
2023-01-18,798,10,767
2023-01-19,930,19,578
2023-01-20,457,3,256
2023-01-21,492,4,455
2023-01-22,613,37,141
2023-01-23,724,35,300
2023-01-24,707,41,759
2023-01-25,214,3,588
2023-01-26,247,17,460
2023-01-27,193,10,450
2023-01-28,760,45,101
2023-01-29,466,16,677
2023-01-30,905,2,779
2023-01-31,266,11,292
2023-02-01,606,4,331
2023-02-02,294,20,513
2023-02-03,110,36,682
2023-02-04,564,20,361
2023-02-05,445,41,421
2023-02-06,127,23,250
2023-02-07,376,35,342
2023-02-08,788,19,620
2023-02-09,131,49,315
2023-02-10,566,32,200
2023-02-11,339,49,220
2023-02-12,692,36,125
2023-02-13,482,18,503
2023-02-14,145,26,66
2023-02-15,689,41,107
2023-02-16,644,46,646
2023-02-17,732,45,221
2023-02-18,348,45,113
2023-02-19,919,37,372
2023-02-20,469,46,293
2023-02-21,936,9,693
2023-02-22,663,22,67
2023-02-23,536,47,250
2023-02-24,473,12,566
2023-02-25,721,13,117
2023-02-26,857,45,278
2023-02-27,336,17,459
2023-02-28,919,44,521
2023-03-01,964,8,415
2023-03-02,646,17,690
2023-03-03,464,17,632
2023-03-04,165,47,559
2023-03-05,128,18,527
2023-03-06,684,46,693
2023-03-07,139,25,425
2023-03-08,928,26,333
2023-03-09,485,15,284
2023-03-10,535,30,417
2023-03-11,541,8,702
2023-03-12,709,45,587
2023-03-13,735,10,594
2023-03-14,308,2,604
2023-03-15,243,6,461
2023-03-16,969,7,578
2023-03-17,114,19,721
2023-03-18,619,17,520
2023-03-19,519,48,473
2023-03-20,871,40,287
2023-03-21,654,14,146
2023-03-22,167,46,491
2023-03-23,648,5,275
2023-03-24,959,15,299
2023-03-25,703,34,211
2023-03-26,467,4,50
2023-03-27,398,30,550
2023-03-28,456,33,153
2023-03-29,565,37,273
2023-03-30,949,26,217
2023-03-31,714,45,548
2023-04-01,388,34,428
2023-04-02,775,34,493
2023-04-03,820,20,353
2023-04-04,258,48,723
2023-04-05,148,13,648
2023-04-06,105,33,353
2023-04-07,682,8,705
2023-04-08,861,16,520
2023-04-09,678,3,214
2023-04-10,361,23,694
2023-04-11,608,15,485
2023-04-12,766,32,677
2023-04-13,617,43,334
2023-04-14,663,2,797
2023-04-15,446,1,425
2023-04-16,402,48,55
2023-04-17,887,4,650
2023-04-18,134,42,755
2023-04-19,564,3,193
2023-04-20,822,13,694
2023-04-21,181,1,525
2023-04-22,560,7,255
2023-04-23,152,41,741
2023-04-24,915,49,320
2023-04-25,422,19,233
2023-04-26,192,10,720
2023-04-27,159,15,238
2023-04-28,106,22,528
2023-04-29,880,19,609
2023-04-30,730,20,538
2023-05-01,778,38,693
2023-05-02,705,11,123
2023-05-03,669,25,89
2023-05-04,921,10,623
2023-05-05,939,13,220
2023-05-06,371,11,277
2023-05-07,914,14,738
2023-05-08,576,3,361
2023-05-09,858,37,600
2023-05-10,762,27,66
2023-05-11,130,49,635
2023-05-12,826,1,713
2023-05-13,856,6,459
2023-05-14,425,22,346
2023-05-15,270,47,465
2023-05-16,603,25,279
2023-05-17,861,36,548
2023-05-18,942,11,403
2023-05-19,721,49,321
2023-05-20,641,36,327
2023-05-21,190,44,774
2023-05-22,855,48,741
2023-05-23,703,22,399
2023-05-24,438,43,258
2023-05-25,101,41,300
2023-05-26,280,35,692
2023-05-27,660,11,79
2023-05-28,519,6,529
2023-05-29,708,3,396
2023-05-30,772,14,596
2023-05-31,869,39,449
2023-06-01,761,8,481
2023-06-02,465,13,340
2023-06-03,360,33,655
2023-06-04,987,8,505
2023-06-05,249,33,252
2023-06-06,390,23,561
2023-06-07,679,7,59
2023-06-08,392,26,587
2023-06-09,968,38,57
2023-06-10,498,13,352
2023-06-11,574,15,622
2023-06-12,521,17,316
2023-06-13,233,49,118
2023-06-14,664,12,141
2023-06-15,572,37,192
2023-06-16,471,28,235
2023-06-17,214,27,713
2023-06-18,783,18,319
2023-06-19,905,11,341
2023-06-20,643,41,743
2023-06-21,659,3,628
2023-06-22,779,38,435
2023-06-23,873,2,475
2023-06-24,499,38,132
2023-06-25,625,13,290
2023-06-26,407,9,619
2023-06-27,877,38,282
2023-06-28,147,6,694
2023-06-29,513,38,755
2023-06-30,404,40,504
2023-07-01,461,7,663
2023-07-02,908,23,557
2023-07-03,963,31,791
2023-07-04,430,31,302
2023-07-05,561,25,725
2023-07-06,491,2,339
2023-07-07,382,32,434
2023-07-08,293,8,481
2023-07-09,414,26,494
2023-07-10,404,25,225
2023-07-11,454,33,570
2023-07-12,584,20,529
2023-07-13,981,47,62
2023-07-14,869,21,83
2023-07-15,544,47,231
2023-07-16,375,28,324
2023-07-17,802,48,341
2023-07-18,303,31,535
2023-07-19,842,6,341
2023-07-20,137,20,786
2023-07-21,916,33,651
2023-07-22,830,2,59
2023-07-23,877,14,351
2023-07-24,444,45,177
2023-07-25,540,43,424
2023-07-26,925,19,671
2023-07-27,147,4,408
2023-07-28,439,17,576
2023-07-29,542,28,137
2023-07-30,710,20,428
2023-07-31,490,13,757
2023-08-01,468,20,368
2023-08-02,415,3,714
2023-08-03,847,19,728
2023-08-04,421,10,130
2023-08-05,144,27,471
2023-08-06,854,40,134
2023-08-07,366,29,701
2023-08-08,317,31,169
2023-08-09,193,37,649
2023-08-10,780,10,736
2023-08-11,592,27,274
2023-08-12,592,13,373
2023-08-13,166,22,332
2023-08-14,876,25,479
2023-08-15,646,11,506
2023-08-16,599,48,302
2023-08-17,933,8,438
2023-08-18,188,9,488
2023-08-19,241,26,514
2023-08-20,418,9,129
2023-08-21,578,15,584
2023-08-22,176,7,163
2023-08-23,705,10,438
2023-08-24,336,28,755
2023-08-25,400,28,453
2023-08-26,184,1,102
2023-08-27,615,23,343
2023-08-28,102,48,247
2023-08-29,132,38,498
2023-08-30,263,20,477
2023-08-31,928,5,178
2023-09-01,610,47,428
2023-09-02,394,42,199
2023-09-03,311,30,599
2023-09-04,348,35,287
2023-09-05,410,47,166
2023-09-06,253,43,294
2023-09-07,733,6,670
2023-09-08,803,32,672
2023-09-09,949,18,466
2023-09-10,589,10,799
2023-09-11,924,37,168
2023-09-12,844,38,792
2023-09-13,415,39,708
2023-09-14,391,29,244
2023-09-15,686,36,524
2023-09-16,239,10,89
2023-09-17,950,27,110
2023-09-18,185,31,706
2023-09-19,999,44,309
2023-09-20,981,27,527
2023-09-21,943,44,205
2023-09-22,338,6,272
2023-09-23,538,19,501
2023-09-24,816,6,516
2023-09-25,258,23,279
2023-09-26,699,46,274
2023-09-27,370,48,624
2023-09-28,457,42,155
2023-09-29,416,8,243
2023-09-30,634,16,790
2023-10-01,915,13,168
2023-10-02,446,37,108
2023-10-03,614,34,497
2023-10-04,583,15,575
2023-10-05,187,46,306
2023-10-06,248,26,113
2023-10-07,331,17,790
2023-10-08,720,4,313
2023-10-09,592,36,381
2023-10-10,640,38,558
2023-10-11,193,33,676
2023-10-12,691,24,709
2023-10-13,473,31,489
2023-10-14,786,11,102
2023-10-15,843,36,234
2023-10-16,723,45,662
2023-10-17,746,16,541
2023-10-18,325,29,632
2023-10-19,545,7,347
2023-10-20,119,43,318
2023-10-21,742,12,150
2023-10-22,114,7,358
2023-10-23,728,16,121
2023-10-24,227,28,594
2023-10-25,946,5,175
2023-10-26,563,14,440
2023-10-27,604,13,662
2023-10-28,578,34,640
2023-10-29,569,34,495
2023-10-30,277,10,437
2023-10-31,296,47,754
2023-11-01,210,11,434
2023-11-02,523,7,108
2023-11-03,612,19,574
2023-11-04,488,39,651
2023-11-05,403,39,433
2023-11-06,958,20,355
2023-11-07,140,27,645
2023-11-08,643,49,476
2023-11-09,419,48,683
2023-11-10,207,49,308
2023-11-11,443,4,375
2023-11-12,758,29,653
2023-11-13,431,37,646
2023-11-14,910,33,522
2023-11-15,315,30,620
2023-11-16,685,6,447
2023-11-17,382,36,53
2023-11-18,146,42,642
2023-11-19,395,42,553
2023-11-20,773,36,347
2023-11-21,326,42,377
2023-11-22,144,32,709
2023-11-23,266,48,435
2023-11-24,321,29,705
2023-11-25,798,31,595
2023-11-26,750,32,711
2023-11-27,206,16,296
2023-11-28,935,30,416
2023-11-29,205,38,295
2023-11-30,839,14,50
2023-12-01,221,21,764
2023-12-02,264,47,706
2023-12-03,339,33,166
2023-12-04,398,25,309
2023-12-05,866,28,208
2023-12-06,886,16,701
2023-12-07,550,31,572
2023-12-08,978,5,777
2023-12-09,257,28,441
2023-12-10,819,35,535
2023-12-11,444,21,720
2023-12-12,921,19,551
2023-12-13,980,27,581
2023-12-14,817,40,685
2023-12-15,321,3,285
2023-12-16,500,47,555
2023-12-17,587,42,627
2023-12-18,114,26,167
2023-12-19,770,17,249
2023-12-20,404,3,209
2023-12-21,617,44,102
2023-12-22,733,47,288
2023-12-23,287,36,541
2023-12-24,870,45,119
2023-12-25,449,4,191
2023-12-26,572,29,676
2023-12-27,328,34,605
2023-12-28,908,46,543
2023-12-29,574,12,693
2023-12-30,900,18,397
2023-12-31,516,43,303
2024-01-01,411,10,354
2024-01-02,969,6,388
2024-01-03,425,23,377
2024-01-04,543,5,296
2024-01-05,368,28,469
2024-01-06,535,19,307
2024-01-07,648,22,698
2024-01-08,417,8,624
2024-01-09,399,35,783
2024-01-10,253,14,505
2024-01-11,864,3,419
2024-01-12,911,18,584
2024-01-13,446,40,166
2024-01-14,827,29,421
2024-01-15,848,22,686
2024-01-16,365,20,120
2024-01-17,307,31,633
2024-01-18,970,24,401
2024-01-19,457,19,731
2024-01-20,261,14,615
2024-01-21,973,21,697
2024-01-22,240,8,551
2024-01-23,726,8,389
2024-01-24,718,17,82
2024-01-25,531,28,225
2024-01-26,240,5,213
2024-01-27,512,42,797
2024-01-28,266,6,660
2024-01-29,112,32,467
2024-01-30,191,37,485
2024-01-31,586,3,150
2024-02-01,251,31,279
2024-02-02,440,25,262
2024-02-03,220,17,204
2024-02-04,461,19,174
2024-02-05,479,7,478
2024-02-06,703,34,530
2024-02-07,739,22,391
2024-02-08,916,20,478
2024-02-09,302,7,360
2024-02-10,283,11,422
2024-02-11,299,43,169
2024-02-12,706,2,292
2024-02-13,817,6,679
2024-02-14,828,14,761
2024-02-15,722,49,107
2024-02-16,315,38,122
2024-02-17,795,25,625
2024-02-18,933,27,420
2024-02-19,936,42,720
2024-02-20,773,3,143
2024-02-21,249,33,422
2024-02-22,206,44,220
2024-02-23,312,24,234
2024-02-24,611,4,649
2024-02-25,582,2,750
2024-02-26,106,48,384
2024-02-27,676,24,763
2024-02-28,860,26,553
2024-02-29,680,33,723
2024-03-01,442,20,173
2024-03-02,408,24,573
2024-03-03,781,19,617
2024-03-04,722,27,747
2024-03-05,552,14,184
2024-03-06,543,31,445
2024-03-07,390,2,147
2024-03-08,246,16,250
2024-03-09,462,34,538
2024-03-10,867,24,577
2024-03-11,394,32,478
2024-03-12,364,37,54
2024-03-13,942,4,293
2024-03-14,749,34,102
2024-03-15,272,28,560
2024-03-16,804,5,97
2024-03-17,378,7,701
2024-03-18,164,18,673
2024-03-19,358,46,232
2024-03-20,385,29,98
2024-03-21,187,36,372
2024-03-22,341,10,287
2024-03-23,737,21,189
2024-03-24,440,41,643
2024-03-25,899,41,372
2024-03-26,208,44,676
2024-03-27,331,17,142
2024-03-28,779,15,508
2024-03-29,749,49,336
2024-03-30,287,37,180
2024-03-31,530,5,460
2024-04-01,665,44,699
2024-04-02,210,46,303
2024-04-03,502,6,766
2024-04-04,792,6,534
2024-04-05,621,39,197
2024-04-06,829,20,488
2024-04-07,863,19,424
2024-04-08,632,4,181
2024-04-09,867,14,134
2024-04-10,325,39,655
2024-04-11,436,9,379
2024-04-12,333,9,740
2024-04-13,843,32,521
2024-04-14,170,35,241
2024-04-15,972,33,286
2024-04-16,465,38,490
2024-04-17,734,45,769
2024-04-18,804,26,697
2024-04-19,177,43,372
2024-04-20,836,20,265
2024-04-21,864,7,558
